2021-05-07 18:13:08.325255	https://www.encodeproject.org/cart-report/?type=Experiment&cart=%2Fcarts%2Fbb87d192-cfd4-4769-aa11-45f959ca27cf%2F&replicates.library.biosample.donor.organism.scientific_name=Homo+sapiens&advancedQuery=date_released%3A%5B2009-01-01+TO+2021-12-31%5D&limit=all
ID	Accession	Assay name	Assay title	Target of assay	Target gene symbol	Biosample summary	Biosample term name	Dbxrefs	Description	Lab	Project	Status	Files	Related series	Biosample accession	Biological replicate	Technical replicate	Linked antibody	Organism	Life stage	Biosample age	Biosample treatment	Biosample treatment ontology ID	Biosample treatment amount	Biosample treatment amount units	Biosample treatment duration	Biosample treatment duration units	Synchronization	Post-synchronization time	Post-synchronization time units	Replicates	Mixed biosamples
/experiments/ENCSR194YUY/	ENCSR194YUY	long read RNA-seq	long read RNA-seq			heart left ventricle tissue female adult (53 years)	heart left ventricle	GEO:GSE143125	ENTEX105 Heart - Left Ventricle 3-1	Ali Mortazavi, UCI	ENCODE	released	/files/ENCFF185VYD/,/files/ENCFF799GMD/,/files/ENCFF965VNS/,/files/ENCFF268NRG/,/files/ENCFF739QPI/,/files/ENCFF146VCF/,/files/ENCFF989FKA/,/files/ENCFF391PKR/,/files/ENCFF575TKT/		ENCBS504IQD	1	1		Homo sapiens	adult	53 years										/replicates/4bf3e588-df1d-46d2-8a70-9698399af618/	
/experiments/ENCSR777CCI/	ENCSR777CCI	long read RNA-seq	long read RNA-seq			left ventricle myocardium superior tissue male adult (60 years)	left ventricle myocardium superior		ENC4_54 W78 left ventricle myocardium superior	Ali Mortazavi, UCI	ENCODE	released	/files/ENCFF624IQY/,/files/ENCFF850YMO/,/files/ENCFF560GYE/,/files/ENCFF865IXS/,/files/ENCFF541FGD/		ENCBS575IUN	1	1		Homo sapiens	adult	60 years										/replicates/4930c0c4-7d20-49fb-b204-a78c47485f67/	
/experiments/ENCSR435UUS/	ENCSR435UUS	long read RNA-seq	long read RNA-seq			right cardiac atrium tissue male adult (60 years)	right cardiac atrium		ENC4_58 W78 right cardiac atrium	Ali Mortazavi, UCI	ENCODE	released	/files/ENCFF242WRZ/,/files/ENCFF906LNC/,/files/ENCFF330VRX/,/files/ENCFF491THQ/,/files/ENCFF291EKY/		ENCBS858PZM	1	1		Homo sapiens	adult	60 years										/replicates/45533e71-db64-405c-9640-0f1cd53e7598/	
/experiments/ENCSR514YQN/	ENCSR514YQN	long read RNA-seq	long read RNA-seq			right cardiac atrium tissue female adult (46 years)	right cardiac atrium		ENC4_59 W72 right cardiac atrium	Ali Mortazavi, UCI	ENCODE	released	/files/ENCFF722JJS/,/files/ENCFF613SDS/,/files/ENCFF592ULG/,/files/ENCFF973OHW/,/files/ENCFF266ZMG/		ENCBS271IJH	1	1		Homo sapiens	adult	46 years										/replicates/b3cad3f9-e9c9-4a01-891c-1ce0f2eec14b/	
/experiments/ENCSR507WZC/	ENCSR507WZC	long read RNA-seq	long read RNA-seq			ovary tissue female adult (61 years)	ovary		ENC4_72 W80 ovary	Ali Mortazavi, UCI	ENCODE	released	/files/ENCFF422XLS/,/files/ENCFF692VYV/,/files/ENCFF664IVZ/,/files/ENCFF984RMR/,/files/ENCFF741VRA/		ENCBS587XYW	1	1		Homo sapiens	adult	61 years										/replicates/93a930b3-6c3b-4e53-bd4c-2e6df0aea7db/	
/experiments/ENCSR113MEY/	ENCSR113MEY	long read RNA-seq	long read RNA-seq			IMR-90	IMR-90		IMR90 cell line	Ali Mortazavi, UCI	ENCODE	released	/files/ENCFF197DCI/,/files/ENCFF320RGU/,/files/ENCFF545PJV/,/files/ENCFF244YTX/,/files/ENCFF461UXJ/		ENCBS648NSQ	1	1		Homo sapiens	embryonic	16 weeks										/replicates/e68934cf-9bac-4075-a781-0eb679971c12/	
/experiments/ENCSR634AKC/	ENCSR634AKC	long read RNA-seq	long read RNA-seq			HepG2	HepG2		HepG2 Ljungman	Ali Mortazavi, UCI	ENCODE	released	/files/ENCFF483HTA/,/files/ENCFF834RIH/,/files/ENCFF382KVB/,/files/ENCFF814ABW/,/files/ENCFF333KIC/		ENCBS365LJQ	1	1		Homo sapiens	child	15 years										/replicates/37e05107-6b3b-44ef-979c-58a223030632/	
/experiments/ENCSR553SVP/	ENCSR553SVP	long read RNA-seq	long read RNA-seq			right cardiac atrium tissue female adult (59 years)	right cardiac atrium		ENC4_36 W73 cardiac right atrium	Ali Mortazavi, UCI	ENCODE	released	/files/ENCFF899MTI/,/files/ENCFF819CFZ/,/files/ENCFF046EOU/,/files/ENCFF911RNV/,/files/ENCFF861GRI/		ENCBS911SOZ	1	1		Homo sapiens	adult	59 years										/replicates/3c992687-d459-4a30-bd71-6619e46e8dd5/	
/experiments/ENCSR138TAS/	ENCSR138TAS	long read RNA-seq	long read RNA-seq			posterior vena cava tissue female adult (59 years)	posterior vena cava		ENC4_102 W73 posterior vena cava	Ali Mortazavi, UCI	ENCODE	released	/files/ENCFF658OZB/,/files/ENCFF760WCA/,/files/ENCFF761TXP/,/files/ENCFF798BHO/,/files/ENCFF472TSL/		ENCBS892JRQ	1	1		Homo sapiens	adult	59 years										/replicates/d664b8f9-928b-4bdb-aaf4-bb752e0d14f3/	
/experiments/ENCSR477HHG/	ENCSR477HHG	long read RNA-seq	long read RNA-seq			ovary tissue female adult (59 years)	ovary		ENC4_71 W73 ovary	Ali Mortazavi, UCI	ENCODE	released	/files/ENCFF756AHG/,/files/ENCFF056MAB/,/files/ENCFF583MSU/,/files/ENCFF661OBD/,/files/ENCFF420XTR/		ENCBS756ETL	1	1		Homo sapiens	adult	59 years										/replicates/9c6631b1-68e4-4882-b187-11755ea04f40/	
/experiments/ENCSR044ARQ/	ENCSR044ARQ	long read RNA-seq	long read RNA-seq			H9	H9		H9 ESCs	Ali Mortazavi, UCI	ENCODE	released	/files/ENCFF688QGB/,/files/ENCFF272VSN/,/files/ENCFF292UIE/,/files/ENCFF193ZRQ/,/files/ENCFF455IAW/,/files/ENCFF738RAA/,/files/ENCFF779DTE/,/files/ENCFF985PMT/,/files/ENCFF028IGC/,/files/ENCFF758CUO/		ENCBS713BMM,ENCBS654ADT	1,2	1		Homo sapiens	embryonic	5 days										/replicates/a0b1b7fd-f250-483a-8d40-fd3ecd006e32/,/replicates/4f294704-a70b-4277-be8b-485cbc2a4b46/	
/experiments/ENCSR388RWE/	ENCSR388RWE	long read RNA-seq	long read RNA-seq			HCT116	HCT116		HCT 116 cell line	Ali Mortazavi, UCI	ENCODE	released	/files/ENCFF337VWR/,/files/ENCFF624KKQ/,/files/ENCFF776BTJ/,/files/ENCFF400LRT/,/files/ENCFF242HKF/		ENCBS375FZQ	1	1		Homo sapiens	adult	48 years										/replicates/a5817a8d-62bf-4f88-a84d-7e362a71e09a/	
/experiments/ENCSR986WKB/	ENCSR986WKB	long read RNA-seq	long read RNA-seq			lower lobe of left lung tissue male adult (60 years)	lower lobe of left lung		ENC4_39 W78 left lobe of lung	Ali Mortazavi, UCI	ENCODE	released	/files/ENCFF341BSQ/,/files/ENCFF494CUI/,/files/ENCFF924HBV/,/files/ENCFF792FCJ/,/files/ENCFF441SZI/		ENCBS913GGJ	1	1		Homo sapiens	adult	60 years										/replicates/9e1daf80-78ce-49b9-80af-b6f9e2bdb85f/	
/experiments/ENCSR148IIG/	ENCSR148IIG	long read RNA-seq	long read RNA-seq			endothelial cell	endothelial cell		PGP1 derived endothelial-cells	Ali Mortazavi, UCI	ENCODE	released	/files/ENCFF595PPR/,/files/ENCFF770DXN/,/files/ENCFF155FLU/,/files/ENCFF295PZY/,/files/ENCFF759CJE/,/files/ENCFF610AYK/,/files/ENCFF100RGC/,/files/ENCFF544UQO/,/files/ENCFF927MKK/,/files/ENCFF588NYS/		ENCBS239VAD	1	1,2		Homo sapiens	adult	53 years										/replicates/2fd7ef1b-2527-4d3c-bf48-dec5731b6ef2/,/replicates/89edb725-a523-4bab-938a-fed291d5f1c1/	
/experiments/ENCSR887LTD/	ENCSR887LTD	long read RNA-seq	long read RNA-seq			HL-60	HL-60		Homo sapiens HL-60	Ali Mortazavi, UCI	ENCODE	released	/files/ENCFF609QIM/,/files/ENCFF274DYS/,/files/ENCFF810FRP/,/files/ENCFF909ICR/,/files/ENCFF067OVE/,/files/ENCFF494IOG/,/files/ENCFF600MGT/,/files/ENCFF376DFZ/,/files/ENCFF770VLX/,/files/ENCFF310RKT/		ENCBS416JRX,ENCBS313YIM	1,2	1		Homo sapiens	adult	36 years										/replicates/0ed18f00-17cb-404b-80d8-38eb1911818b/,/replicates/1beee4a6-283f-4bdd-98df-2ed43eecf169/	
/experiments/ENCSR657HJW/	ENCSR657HJW	long read RNA-seq	long read RNA-seq			right lobe of liver tissue female adult (41 years)	right lobe of liver		W61 right lobe of liver	Ali Mortazavi, UCI	ENCODE	released	/files/ENCFF306ZPP/,/files/ENCFF999AKN/,/files/ENCFF202FPL/,/files/ENCFF425JER/,/files/ENCFF074WRN/		ENCBS823URA	1	1		Homo sapiens	adult	41 years										/replicates/05c1b4bf-c5a0-4ab5-b4c7-e125c44c06e4/	
/experiments/ENCSR746ITG/	ENCSR746ITG	long read RNA-seq	long read RNA-seq			left lung tissue female child (16 years)	left lung	GEO:GSE143131	ENC4_79 W62 left lung	Ali Mortazavi, UCI	ENCODE	released	/files/ENCFF733RRO/,/files/ENCFF196NGA/,/files/ENCFF212OOP/,/files/ENCFF300BYP/,/files/ENCFF496QJH/,/files/ENCFF112ZCW/,/files/ENCFF386BBR/,/files/ENCFF024FNJ/,/files/ENCFF809QBD/		ENCBS725WGH	1	1		Homo sapiens	child	16 years										/replicates/aba84256-6675-46d1-8f12-8b78b98f7aab/	
/experiments/ENCSR056MYH/	ENCSR056MYH	long read RNA-seq	long read RNA-seq			neural crest cell	neural crest cell		H9-derived neural crest cells	Ali Mortazavi, UCI	ENCODE	released	/files/ENCFF026VEI/,/files/ENCFF249GFH/,/files/ENCFF322UOY/,/files/ENCFF123SOB/,/files/ENCFF858LGV/,/files/ENCFF319JFG/,/files/ENCFF286KOH/,/files/ENCFF901XCR/,/files/ENCFF700KVM/,/files/ENCFF313WGU/		ENCBS200JOD,ENCBS417JEU	1,2	1		Homo sapiens	embryonic	5 days										/replicates/9d4c3615-346b-47ef-a4cc-184f49347142/,/replicates/9e2ab682-9b54-4510-8733-5296f23f881b/	
/experiments/ENCSR899GAP/	ENCSR899GAP	long read RNA-seq	long read RNA-seq			Right ventricle myocardium superior tissue male adult (60 years)	Right ventricle myocardium superior		ENC4_56 W78 right ventricle myocardium superior	Ali Mortazavi, UCI	ENCODE	released	/files/ENCFF665LBS/,/files/ENCFF160SEP/,/files/ENCFF717ARV/,/files/ENCFF840OVC/,/files/ENCFF348HQO/		ENCBS275SXU	1	1		Homo sapiens	adult	60 years										/replicates/45a42dd5-085f-46ac-b511-ccda04503f8f/	
/experiments/ENCSR904KAT/	ENCSR904KAT	long read RNA-seq	long read RNA-seq			endodermal cell	endodermal cell		H9-derived definitive endoderm	Ali Mortazavi, UCI	ENCODE	released	/files/ENCFF142LPL/,/files/ENCFF561HIY/,/files/ENCFF381WCH/,/files/ENCFF170KET/,/files/ENCFF936VUF/,/files/ENCFF939EUU/,/files/ENCFF916JXJ/,/files/ENCFF849BPR/,/files/ENCFF305FZC/,/files/ENCFF371CZD/		ENCBS601OTT,ENCBS958FWY	1,2	1		Homo sapiens	embryonic	5 days										/replicates/c605583f-bea0-41cb-94c0-5bd064ff049e/,/replicates/af238f92-66a2-4ea6-ae92-3e84be99238f/	
/experiments/ENCSR181CES/	ENCSR181CES	long read RNA-seq	long read RNA-seq			Panc1	Panc1		Panc1 cell line	Ali Mortazavi, UCI	ENCODE	released	/files/ENCFF990CUL/,/files/ENCFF830DIW/,/files/ENCFF786LUJ/,/files/ENCFF745DHX/,/files/ENCFF218FJR/		ENCBS777OZT	1	1		Homo sapiens	adult	56 years										/replicates/aaba0789-8df9-4327-82b5-633a47d586d5/	
/experiments/ENCSR700XDQ/	ENCSR700XDQ	long read RNA-seq	long read RNA-seq			heart left ventricle tissue female adult (46 years)	heart left ventricle		ENC4_49 W72 heart left ventricle	Ali Mortazavi, UCI	ENCODE	released	/files/ENCFF429JUP/,/files/ENCFF795TPX/,/files/ENCFF502LAB/,/files/ENCFF115LYD/,/files/ENCFF932PTQ/		ENCBS735POC	1	1		Homo sapiens	adult	46 years										/replicates/a23c7f74-7419-48a1-a9c6-129fb3919164/	
/experiments/ENCSR426KOP/	ENCSR426KOP	long read RNA-seq	long read RNA-seq			left lung tissue male adult (40 years)	left lung	GEO:GSE143127	ENC4_81 W76 left lung	Ali Mortazavi, UCI	ENCODE	released	/files/ENCFF196WMM/,/files/ENCFF092NTE/,/files/ENCFF274XPG/,/files/ENCFF137TXO/,/files/ENCFF036BAP/,/files/ENCFF494EBW/,/files/ENCFF818VIC/,/files/ENCFF757LOZ/,/files/ENCFF453WFA/		ENCBS420JRY	1	1		Homo sapiens	adult	40 years										/replicates/3c996486-0a1b-466c-be00-6d7cd7a89581/	
/experiments/ENCSR591OZR/	ENCSR591OZR	long read RNA-seq	long read RNA-seq			Right ventricle myocardium inferior tissue male adult (60 years)	Right ventricle myocardium inferior		ENC4_57 W78 right ventricle myocardium inferior	Ali Mortazavi, UCI	ENCODE	released	/files/ENCFF738UZJ/,/files/ENCFF064VBO/,/files/ENCFF656BTN/,/files/ENCFF173JOL/,/files/ENCFF571CND/		ENCBS587FSN	1	1		Homo sapiens	adult	60 years										/replicates/fdf5de0d-1858-4c0f-98c8-05940a9cc2a0/	
/experiments/ENCSR786FLO/	ENCSR786FLO	long read RNA-seq	long read RNA-seq			left ventricle myocardium inferior tissue male adult (60 years)	left ventricle myocardium inferior		ENC4_55 W78 left ventricle myocardium inferior	Ali Mortazavi, UCI	ENCODE	released	/files/ENCFF793CMQ/,/files/ENCFF983JOM/,/files/ENCFF755YKI/,/files/ENCFF132YCF/,/files/ENCFF167RQY/		ENCBS858CJV	1	1		Homo sapiens	adult	60 years										/replicates/b14e3144-c308-4be1-8882-f2779bbb3f42/	
/experiments/ENCSR782LGT/	ENCSR782LGT	long read RNA-seq	long read RNA-seq			heart right ventricle tissue female adult (46 years)	heart right ventricle		ENC4_50 W72 heart right ventricle	Ali Mortazavi, UCI	ENCODE	released	/files/ENCFF793PGJ/,/files/ENCFF660UTF/,/files/ENCFF654ZCI/,/files/ENCFF977DHG/,/files/ENCFF327SFR/		ENCBS756PTZ	1	1		Homo sapiens	adult	46 years										/replicates/b2ef52c7-b04d-430d-b621-9e2966cd5757/	
/experiments/ENCSR984OAE/	ENCSR984OAE	long read RNA-seq	long read RNA-seq			heart right ventricle tissue male adult (40 years)	heart right ventricle		ENC4_52 W76 heart right ventricle	Ali Mortazavi, UCI	ENCODE	released	/files/ENCFF425VDL/,/files/ENCFF018PZX/,/files/ENCFF294CAJ/,/files/ENCFF290RMA/,/files/ENCFF514MGQ/		ENCBS832WVF	1	1		Homo sapiens	adult	40 years										/replicates/f616224e-fccf-46b1-8a73-c17a6156cc88/	
/experiments/ENCSR810XLL/	ENCSR810XLL	long read RNA-seq	long read RNA-seq			MCF-7	MCF-7		MCF-7 cell line	Ali Mortazavi, UCI	ENCODE	released	/files/ENCFF887DGG/,/files/ENCFF742XDU/,/files/ENCFF476CVK/,/files/ENCFF118JEI/,/files/ENCFF390CLZ/		ENCBS734JMT	1	1		Homo sapiens	adult	69 years										/replicates/d72b8196-8c13-4b8b-abb0-dc8fb3eada80/	
/experiments/ENCSR261GOA/	ENCSR261GOA	long read RNA-seq	long read RNA-seq			lower lobe of left lung tissue female adult (59 years)	lower lobe of left lung		ENC4_80 W73 lower lobe of left lung	Ali Mortazavi, UCI	ENCODE	released	/files/ENCFF552NVU/,/files/ENCFF779VVX/,/files/ENCFF926LNM/,/files/ENCFF243QTD/,/files/ENCFF932OPV/		ENCBS231BSF	1	1		Homo sapiens	adult	59 years										/replicates/ae622311-970d-4e0a-9ef6-260b4d75bb51/	
/experiments/ENCSR296PQZ/	ENCSR296PQZ	long read RNA-seq	long read RNA-seq			osteocyte	osteocyte		H9-derived osteocytes	Ali Mortazavi, UCI	ENCODE	released	/files/ENCFF556DYU/,/files/ENCFF560XTG/,/files/ENCFF655UCV/,/files/ENCFF731AYN/,/files/ENCFF049DVQ/,/files/ENCFF660BPA/,/files/ENCFF925MYC/,/files/ENCFF558QPF/,/files/ENCFF169LGK/,/files/ENCFF654DGP/		ENCBS034WOR,ENCBS572IFJ	1,2	1		Homo sapiens	embryonic	5 days										/replicates/85030b7c-c78a-4b77-a7f6-584a9c191e3f/,/replicates/ea69e8df-54cb-4a3d-8248-ff1fa1ca05be/	
/experiments/ENCSR130CIK/	ENCSR130CIK	long read RNA-seq	long read RNA-seq			type B pancreatic cell	type B pancreatic cell		H9-derived insulin-producing beta-like cells	Ali Mortazavi, UCI	ENCODE	released	/files/ENCFF580BQX/,/files/ENCFF489XQJ/,/files/ENCFF408QQI/,/files/ENCFF324FZW/,/files/ENCFF973OML/,/files/ENCFF571UDD/,/files/ENCFF058HQU/,/files/ENCFF730TGK/,/files/ENCFF091PVR/,/files/ENCFF295AYL/		ENCBS251SEQ,ENCBS779FCS	2,1	1		Homo sapiens	embryonic	5 days										/replicates/10f6479d-ce53-442e-9fa6-424712eb08f5/,/replicates/1ac98ca1-7588-4059-aefe-9ba3fdf13a2a/	
/experiments/ENCSR589FUJ/	ENCSR589FUJ	long read RNA-seq	long read RNA-seq			K562	K562	GEO:GSE143129	Homo sapiens K562 immortalized cell line	Ali Mortazavi, UCI	ENCODE	released	/files/ENCFF694INI/,/files/ENCFF763VZC/,/files/ENCFF965OXS/,/files/ENCFF653KIB/,/files/ENCFF709YES/,/files/ENCFF652QLH/,/files/ENCFF533IBY/,/files/ENCFF546DOT/,/files/ENCFF514QIS/,/files/ENCFF065OFL/,/files/ENCFF991VSH/,/files/ENCFF298JGJ/,/files/ENCFF092NLB/,/files/ENCFF433YKW/,/files/ENCFF504GVG/,/files/ENCFF479SQR/,/files/ENCFF946RLA/,/files/ENCFF688NNQ/		ENCBS203BUH,ENCBS859NNO	1,2	1		Homo sapiens	adult	53 years										/replicates/2520c316-402c-442f-beeb-e0477eb39989/,/replicates/0493ef70-11ef-4582-af21-c4ab9395c787/	
/experiments/ENCSR947JHA/	ENCSR947JHA	long read RNA-seq	long read RNA-seq			PC-3	PC-3		PC-3 cell line	Ali Mortazavi, UCI	ENCODE	released	/files/ENCFF834KTE/,/files/ENCFF801ZHP/,/files/ENCFF369ZIJ/,/files/ENCFF044LIA/,/files/ENCFF656JGF/		ENCBS555BGE	1	1		Homo sapiens	adult	62 years										/replicates/5fbcc8c5-246d-430e-a9f7-85f798591f25/	
/experiments/ENCSR530BOC/	ENCSR530BOC	long read RNA-seq	long read RNA-seq			progenitor cell of endocrine pancreas	progenitor cell of endocrine pancreas		H9-derived pancreatic progenitors	Ali Mortazavi, UCI	ENCODE	released	/files/ENCFF471YEK/,/files/ENCFF988RQM/,/files/ENCFF528JQR/,/files/ENCFF509GHY/,/files/ENCFF057RHY/,/files/ENCFF039JBB/,/files/ENCFF803KIA/,/files/ENCFF810OKQ/,/files/ENCFF161YNH/,/files/ENCFF829DRS/		ENCBS832MSN,ENCBS825BIV	1,2	1		Homo sapiens	embryonic	5 days										/replicates/cb012a1e-f93a-4012-b94f-6202c0f97bc7/,/replicates/360ef350-dbcf-4e52-9cde-9c19576b2762/	
/experiments/ENCSR803QWH/	ENCSR803QWH	long read RNA-seq	long read RNA-seq			psoas muscle tissue female adult (41 years)	psoas muscle		ENC4_46 W61 psoas #2	Ali Mortazavi, UCI	ENCODE	released	/files/ENCFF630XEC/,/files/ENCFF947ICH/,/files/ENCFF033TUK/,/files/ENCFF193WEX/,/files/ENCFF634KMV/		ENCBS070FKB	1	1		Homo sapiens	adult	41 years										/replicates/cde3f852-bf40-4ad1-b1c3-44f5a0f47dcb/	
/experiments/ENCSR994YZY/	ENCSR994YZY	long read RNA-seq	long read RNA-seq			heart left ventricle tissue male adult (40 years)	heart left ventricle		ENC4_53 W76 heart left ventricle	Ali Mortazavi, UCI	ENCODE	released	/files/ENCFF602MAI/,/files/ENCFF666QGE/,/files/ENCFF623IBV/,/files/ENCFF878WXP/,/files/ENCFF394ZIU/		ENCBS544CLL	1	1		Homo sapiens	adult	40 years										/replicates/9491171e-c2fd-448d-a1a4-14b50840d614/	
/experiments/ENCSR526TQU/	ENCSR526TQU	long read RNA-seq	long read RNA-seq			K562	K562		K562 Ljungman	Ali Mortazavi, UCI	ENCODE	released	/files/ENCFF696GDL/,/files/ENCFF516IEG/,/files/ENCFF322UJU/,/files/ENCFF103OYU/,/files/ENCFF391VFS/		ENCBS206PUV	1	1		Homo sapiens	adult	53 years										/replicates/bc365efb-c356-4c3f-afea-664bca20566b/	
/experiments/ENCSR648QZP/	ENCSR648QZP	long read RNA-seq	long read RNA-seq			mesenteric fat pad tissue female adult (59 years)	mesenteric fat pad		ENC4_93 W73 mesenteric fat pad FLASH	Ali Mortazavi, UCI	ENCODE	released	/files/ENCFF907SZK/,/files/ENCFF704ZHX/,/files/ENCFF248XYR/,/files/ENCFF971JDY/,/files/ENCFF025MQM/		ENCBS232CCX	1	1		Homo sapiens	adult	59 years										/replicates/82401f07-f0f8-4f83-aede-be24d9ca0451/	
/experiments/ENCSR706ANY/	ENCSR706ANY	long read RNA-seq	long read RNA-seq			GM12878	GM12878	GEO:GSE143130	Homo sapiens GM12878 immortalized cell line	Ali Mortazavi, UCI	ENCODE	released	/files/ENCFF281TNJ/,/files/ENCFF475ORL/,/files/ENCFF329AYV/,/files/ENCFF902UIT/,/files/ENCFF242AOE/,/files/ENCFF247TLH/,/files/ENCFF093ZPA/,/files/ENCFF689LOP/,/files/ENCFF847ISA/,/files/ENCFF471OXU/,/files/ENCFF026DYG/,/files/ENCFF431IOE/,/files/ENCFF520MMC/,/files/ENCFF409QPB/,/files/ENCFF472BLB/,/files/ENCFF264HSA/,/files/ENCFF626GWM/,/files/ENCFF484NUG/,/files/ENCFF597RRM/,/files/ENCFF685VEM/,/files/ENCFF649PCO/,/files/ENCFF849WZC/,/files/ENCFF132HLS/,/files/ENCFF810UWA/,/files/ENCFF234YIJ/,/files/ENCFF615XZM/,/files/ENCFF596ODX/,/files/ENCFF538TCX/,/files/ENCFF192PJS/,/files/ENCFF694CBG/,/files/ENCFF538BNH/,/files/ENCFF299LDF/,/files/ENCFF296IKY/,/files/ENCFF996LST/,/files/ENCFF265EFZ/,/files/ENCFF784TJH/		ENCBS694MFZ,ENCBS844IZD,ENCBS229YYL,ENCBS657BPX	3,4,1,2	1		Homo sapiens	adult											/replicates/7cbb2dbc-687a-4aa1-851e-3264bd23a26e/,/replicates/dbba1532-3388-42a5-adbc-b8046c4bfd44/,/replicates/f9cfca7a-11f4-462e-9b43-b00ba6ea1c43/,/replicates/d0deccb8-d886-4743-8b75-e3336520c7d9/	
/experiments/ENCSR425HFS/	ENCSR425HFS	long read RNA-seq	long read RNA-seq			aorta tissue female adult (59 years)	aorta		ENC4_103 W73 aorta	Ali Mortazavi, UCI	ENCODE	released	/files/ENCFF902BIU/,/files/ENCFF999NQY/,/files/ENCFF745HHL/,/files/ENCFF138OIV/,/files/ENCFF796WTV/		ENCBS759AII	1	1		Homo sapiens	adult	59 years										/replicates/f2916c81-6845-4dbf-a386-4cd208cfbbe5/	
/experiments/ENCSR803XXZ/	ENCSR803XXZ	long read RNA-seq	long read RNA-seq			mucosa of descending colon tissue female adult (61 years)	mucosa of descending colon	GEO:GSE143132	ENC4_78 W80 mucosa of descending colon	Ali Mortazavi, UCI	ENCODE	released	/files/ENCFF511AVQ/,/files/ENCFF780YNG/,/files/ENCFF198RKB/,/files/ENCFF637DKU/,/files/ENCFF755ALG/,/files/ENCFF731THW/,/files/ENCFF932COO/,/files/ENCFF875MQS/,/files/ENCFF099CDN/		ENCBS825BLU	1	1		Homo sapiens	adult	61 years										/replicates/86a91fb4-1a66-427e-8f45-29308dccb965/	
/experiments/ENCSR834DQL/	ENCSR834DQL	long read RNA-seq	long read RNA-seq			HepG2	HepG2	GEO:GSE143133	Homo sapiens HepG2 immortalized cell line	Ali Mortazavi, UCI	ENCODE	released	/files/ENCFF427JDY/,/files/ENCFF589SMB/,/files/ENCFF932JDX/,/files/ENCFF104CVI/,/files/ENCFF353CKL/,/files/ENCFF575ABA/,/files/ENCFF563QZB/,/files/ENCFF861NQQ/,/files/ENCFF198AFG/,/files/ENCFF463JKW/,/files/ENCFF102RHW/,/files/ENCFF978TOO/,/files/ENCFF470UHX/,/files/ENCFF303OEI/,/files/ENCFF833JVB/,/files/ENCFF054YYA/,/files/ENCFF151KTU/,/files/ENCFF930AKE/		ENCBS667GKM,ENCBS440MJL	2,1	1		Homo sapiens	child	15 years										/replicates/d0efdadd-75ab-491f-b921-16f09bc9a7df/,/replicates/ec14c478-67a5-48cd-9813-db362de120f3/	
/experiments/ENCSR587WPR/	ENCSR587WPR	long read RNA-seq	long read RNA-seq			ovary tissue female adult (41 years)	ovary	GEO:GSE143128	ENC4_35 W61 ovary	Ali Mortazavi, UCI	ENCODE	released	/files/ENCFF187BTK/,/files/ENCFF312PXX/,/files/ENCFF767YWR/,/files/ENCFF955XSL/,/files/ENCFF631NQS/,/files/ENCFF644PGG/,/files/ENCFF396VLB/,/files/ENCFF934QOH/,/files/ENCFF650CQV/		ENCBS472VJA	1	1		Homo sapiens	adult	41 years										/replicates/12a8fe45-80cd-430c-b9c1-7a6e95bc74cf/	
/experiments/ENCSR838WFC/	ENCSR838WFC	long read RNA-seq	long read RNA-seq			GM12878	GM12878		Homo sapiens GM12878 immortalized cell line	Ali Mortazavi, UCI	ENCODE	released	/files/ENCFF450VAU/,/files/ENCFF694DIE/,/files/ENCFF648NAR/,/files/ENCFF079JHG/,/files/ENCFF407TMX/,/files/ENCFF592BQN/,/files/ENCFF225CCJ/,/files/ENCFF993PKH/,/files/ENCFF386OOG/,/files/ENCFF871ODI/		ENCBS406FCE,ENCBS496YYL	2,1	1		Homo sapiens	adult											/replicates/e2d3f68a-e9af-4e32-8f45-061edc7cab12/,/replicates/e235dc1e-6548-44c4-aa85-df343ebbe452/	
/experiments/ENCSR962BVU/	ENCSR962BVU	long read RNA-seq	long read RNA-seq			GM12878	GM12878		GM12878 Ljungman	Ali Mortazavi, UCI	ENCODE	released	/files/ENCFF417VHJ/,/files/ENCFF277NCZ/,/files/ENCFF219UJG/,/files/ENCFF448EAI/,/files/ENCFF403VUQ/		ENCBS975OUN	1	1		Homo sapiens	adult											/replicates/1a99197c-9d85-4718-a694-da59a2444ace/	
/experiments/ENCSR983KDL/	ENCSR983KDL	long read RNA-seq	long read RNA-seq			K562	K562		K562	Ali Mortazavi, UCI	ENCODE	released	/files/ENCFF429VVB/,/files/ENCFF634YSN/,/files/ENCFF448BDX/,/files/ENCFF302ZXZ/,/files/ENCFF588BMG/,/files/ENCFF515YRZ/,/files/ENCFF475XQX/,/files/ENCFF661OEY/,/files/ENCFF645UVN/,/files/ENCFF691BVH/		ENCBS657IOS,ENCBS516PYE	2,1	1		Homo sapiens	adult	53 years										/replicates/4923d2e7-6d0e-4215-b61a-fd4c42258f4d/,/replicates/5a33ba4d-340d-4d9b-8626-f8461edddcde/	
/experiments/ENCSR432YKA/	ENCSR432YKA	long read RNA-seq	long read RNA-seq			kidney tissue female adult (47 years)	kidney		ENC4_42 W71 kidney	Ali Mortazavi, UCI	ENCODE	released	/files/ENCFF492BYP/,/files/ENCFF405KOD/,/files/ENCFF239CWJ/,/files/ENCFF531DTY/,/files/ENCFF136PIV/		ENCBS914YAW	1	1		Homo sapiens	adult	47 years										/replicates/792a6842-ceae-449e-adb1-5735fe1bc4f7/	
/experiments/ENCSR995WKW/	ENCSR995WKW	long read RNA-seq	long read RNA-seq			adrenal gland tissue male adult (54 years)	adrenal gland		Adrenal Gland 2-1 ENTEX51	Ali Mortazavi, UCI	ENCODE	released	/files/ENCFF912HPY/,/files/ENCFF020MWV/,/files/ENCFF243PFI/,/files/ENCFF041GHI/,/files/ENCFF521YNK/		ENCBS420UOM	1	1		Homo sapiens	adult	54 years										/replicates/67d83396-dac0-4ceb-8027-9363ba86fd5b/	
/experiments/ENCSR329ZQG/	ENCSR329ZQG	long read RNA-seq	long read RNA-seq			heart right ventricle tissue female adult (59 years)	heart right ventricle		ENC4_51 W73 heart right ventricle	Ali Mortazavi, UCI	ENCODE	released	/files/ENCFF615FIC/,/files/ENCFF992VWO/,/files/ENCFF531MPH/,/files/ENCFF305AFY/,/files/ENCFF107QDS/		ENCBS789UUH	1	1		Homo sapiens	adult	59 years										/replicates/0f0d0b81-878b-4255-8251-705683f8dc09/	
/experiments/ENCSR257JBF/	ENCSR257JBF	long read RNA-seq	long read RNA-seq			excitatory neuron	excitatory neuron		excitatory cortical neurons	Ali Mortazavi, UCI	ENCODE	released	/files/ENCFF919JFJ/,/files/ENCFF982WKN/,/files/ENCFF826VUW/,/files/ENCFF790LWW/,/files/ENCFF618QGC/,/files/ENCFF451GPX/,/files/ENCFF772MSZ/,/files/ENCFF344LON/,/files/ENCFF591QSY/,/files/ENCFF117DUA/		ENCBS932EVS	1	1,2		Homo sapiens	adult	53 years										/replicates/6f88d5ab-c49f-4e9d-9ae9-920c482336e9/,/replicates/6f16cb7b-3bcf-4362-8941-0581fae2a0b0/	
/experiments/ENCSR081NRO/	ENCSR081NRO	long read RNA-seq	long read RNA-seq			adrenal gland tissue male adult (37 years)	adrenal gland		Adrenal Gland 1-2 ENTEX50	Ali Mortazavi, UCI	ENCODE	released	/files/ENCFF211SQY/,/files/ENCFF967OHL/,/files/ENCFF099JWI/,/files/ENCFF147OYL/,/files/ENCFF838VGX/		ENCBS636AEJ	1	1		Homo sapiens	adult	37 years										/replicates/0c291353-b0a6-40bb-91a5-df70f9574e99/	
/experiments/ENCSR293MOX/	ENCSR293MOX	long read RNA-seq	long read RNA-seq			right lobe of liver tissue female child (16 years)	right lobe of liver	GEO:GSE143126	W62 right lobe of liver	Ali Mortazavi, UCI	ENCODE	released	/files/ENCFF318SKH/,/files/ENCFF483BXP/,/files/ENCFF769KWE/,/files/ENCFF632MRW/,/files/ENCFF653FOQ/,/files/ENCFF152HMX/,/files/ENCFF430RUG/,/files/ENCFF158KCA/,/files/ENCFF258WJK/		ENCBS437TFK	1	1		Homo sapiens	child	16 years										/replicates/bef9fa89-f493-45e3-900f-35afcd08ef9c/	
/experiments/ENCSR575LWI/	ENCSR575LWI	long read RNA-seq	long read RNA-seq			heart left ventricle tissue female adult (59 years)	heart left ventricle		ENC4_33 W73 heart left ventricle	Ali Mortazavi, UCI	ENCODE	released	/files/ENCFF537NCV/,/files/ENCFF044XQA/,/files/ENCFF437SYY/,/files/ENCFF304FFP/,/files/ENCFF010KII/		ENCBS692CKU	1	1		Homo sapiens	adult	59 years										/replicates/b9075bfb-a7f5-40d6-97fd-5dd3a0c9eb78/	
/experiments/ENCSR902GAF/	ENCSR902GAF	long read RNA-seq	long read RNA-seq			HFFc6	HFFc6	GEO:GSE143134	Clonal line 6 derived from hTert immortalized HFF parental line	Ali Mortazavi, UCI	ENCODE	released	/files/ENCFF728ITF/,/files/ENCFF288CJF/,/files/ENCFF385QZZ/,/files/ENCFF049KQS/,/files/ENCFF203MFP/,/files/ENCFF825CMK/,/files/ENCFF155NBT/,/files/ENCFF041ABS/,/files/ENCFF964PGS/,/files/ENCFF899JSE/,/files/ENCFF677TYB/,/files/ENCFF584UQW/,/files/ENCFF538WPG/,/files/ENCFF812RPH/,/files/ENCFF405EGI/,/files/ENCFF298VFJ/,/files/ENCFF016SHE/,/files/ENCFF509CYO/,/files/ENCFF224GJB/,/files/ENCFF479EHE/,/files/ENCFF562LMR/,/files/ENCFF596NHC/,/files/ENCFF914XOH/,/files/ENCFF829VDB/,/files/ENCFF128JBZ/,/files/ENCFF052MMO/,/files/ENCFF027FIG/		ENCBS109KQW,ENCBS974NEC,ENCBS793IWN	2,1,3	1		Homo sapiens	newborn	0 years										/replicates/296cca77-4bfa-42e9-a683-133b48975603/,/replicates/ee683032-c9d0-42c5-85f0-2cf47110b3be/,/replicates/791de53a-b65f-4f6a-b3ac-cea82e15fed0/	
/experiments/ENCSR676IWT/	ENCSR676IWT	long read RNA-seq	long read RNA-seq			GM23338	GM23338		iPSCs via Sendai-viral Yamanaka factors	Ali Mortazavi, UCI	ENCODE	released	/files/ENCFF954UFG/,/files/ENCFF251CBB/,/files/ENCFF840GRV/,/files/ENCFF601FEJ/,/files/ENCFF846YHI/,/files/ENCFF049QGQ/,/files/ENCFF674UAX/,/files/ENCFF601XDB/,/files/ENCFF115SIQ/,/files/ENCFF336QPS/		ENCBS155WDP	1	1,2		Homo sapiens	adult	53 years										/replicates/6477fde9-17b6-468e-89ee-fbacd2f5dd3f/,/replicates/3ac69a5b-3214-4c2d-9ba4-9ff021bc847b/	
